,index,0,1,2,3,4,5,6,7,8,9,10,11,12,13,14,15,16,17,18,19,20,21,22,23,24,25,26,27,28,29,30,31,32,33,34
0,Date,1989.0,1990.0,1991.0,1992.0,1993.0,1994.0,1995.0,1996.0,1997.0,1998.0,1999.0,2000.0,2001.0,2002.0,2003.0,2004.0,2005.0,2006.0,2007.0,2008.0,2009.0,2010.0,2011.0,2012.0,2013.0,2014.0,2015.0,2016.0,2017.0,2018.0,2019.0,2020.0,2021.0,2022.0,2023.0
1,Pernambuco,322975.0,400464.0,336729.0,352431.0,345650.0,372739.0,574321.0,341005.0,372580.0,362258.0,265876.0,283805.0,334551.0,319768.0,410550.0,516590.0,783865.0,780075.0,868780.0,934797.0,815217.0,1108213.0,1195849.0,1317599.0,834606.0,941117.0,1046329.0,1416831.0,1961395.0,1995432.0,1466346.0,1578870.0,2112290.0,2488251.0,416038.0
2,Paraíba,66157.0,52551.0,56076.0,59083.0,69969.0,83646.0,86066.0,103393.0,86940.0,54083.0,62683.0,77576.0,105144.0,117623.0,168248.0,213892.0,227721.0,208590.0,235353.0,226859.0,156589.0,216910.0,224608.0,243087.0,187635.0,179080.0,141364.0,121467.0,140722.0,115553.0,126301.0,125272.0,146643.0,148938.0,49667.0
3,Alagoas,152533.0,291399.0,272268.0,243461.0,237810.0,240949.0,468142.0,289194.0,340729.0,291754.0,224946.0,224353.0,304408.0,298644.0,360909.0,457656.0,583777.0,692543.0,663662.0,876554.0,823949.0,970595.0,1371187.0,1014102.0,741918.0,629145.0,672249.0,420860.0,665015.0,502094.0,319090.0,418185.0,444680.0,588292.0,198111.0
4,Rio Grande do Norte,70672.0,88799.0,80189.0,72936.0,81288.0,86728.0,79227.0,94875.0,93535.0,101748.0,115474.0,149361.0,187456.0,223353.0,310147.0,573259.0,413106.0,371476.0,379709.0,347114.0,256937.0,284127.0,280704.0,260863.0,247616.0,250794.0,318005.0,284577.0,304331.0,277138.0,394852.0,340721.0,514856.0,736672.0,110722.0
5,Sergipe,28006.0,38203.0,26434.0,45331.0,25671.0,33955.0,22459.0,55947.0,39628.0,31210.0,21957.0,29730.0,20771.0,37564.0,38813.0,47640.0,66424.0,78940.0,144256.0,111608.0,60665.0,78188.0,137081.0,149048.0,84570.0,77807.0,95641.0,113375.0,90888.0,73990.0,50561.0,39271.0,92253.0,118257.0,20684.0
6,Rio de Janeiro,1507192.0,1454547.0,1759078.0,1892607.0,2110349.0,2304825.0,2057597.0,1884317.0,1734295.0,1782305.0,1640848.0,1835333.0,2384431.0,3615989.0,4779718.0,5833854.0,8126396.0,11428529.0,13690042.0,17845645.0,13162811.0,19438186.0,27715729.0,27469820.0,19044666.0,19890579.0,14235426.0,12958896.0,19663093.0,27952596.0,27624211.0,22629715.0,33293630.0,45513895.0,4722868.0
7,Espírito Santo,1697903.0,1414728.0,1694221.0,1657509.0,1748115.0,2301552.0,2748707.0,2454258.0,2547245.0,2408536.0,2447099.0,2771757.0,2378381.0,2536303.0,3445094.0,4053202.0,5590897.0,6700426.0,6830138.0,9958533.0,5986931.0,11378880.0,14819164.0,11680760.0,10435902.0,11759001.0,9266443.0,5811761.0,7637733.0,8569660.0,7105385.0,4962900.0,9780360.0,9128590.0,1066051.0
8,São Paulo,12040638.0,11355501.0,11170444.0,13240341.0,13391098.0,14735988.0,15967690.0,16575293.0,18094715.0,18226059.0,17542548.0,19768583.0,20535879.0,20032801.0,22965163.0,30976612.0,37953851.0,45862603.0,51384040.0,57206353.0,41856995.0,51627746.0,59277118.0,58639331.0,55422884.0,50900847.0,45210163.0,46024595.0,50522140.0,52514174.0,48645701.0,42525810.0,54064207.0,69630557.0,9354262.0
9,Minas Gerais,4711659.0,4600079.0,4843072.0,5165349.0,5004245.0,5693377.0,5860661.0,5790383.0,7227918.0,7590668.0,6382003.0,6704678.0,6051671.0,6338319.0,7430674.0,9986536.0,13490539.0,15634154.0,18327224.0,24382639.0,19475691.0,31165493.0,41338019.0,33100044.0,33380974.0,29297504.0,21983505.0,21917348.0,25345614.0,24273835.0,25138589.0,26319146.0,38340189.0,40194081.0,5117102.0
10,Goiás,256603.0,202200.0,237795.0,246255.0,248605.0,353053.0,248656.0,387007.0,475659.0,381669.0,325884.0,544758.0,593747.0,648692.0,1097999.0,1409280.0,1810243.0,2089256.0,3180629.0,4081685.0,3609123.0,4041219.0,5591865.0,7306060.0,7037444.0,6973669.0,5869332.0,5929071.0,6902854.0,7524396.0,7133398.0,8133812.0,9306159.0,14147958.0,1329483.0
11,Mato Grosso,185424.0,253996.0,223601.0,346594.0,329546.0,466034.0,426251.0,659307.0,927090.0,652661.0,592390.0,1032966.0,1395403.0,1794971.0,2185578.0,3096162.0,4137245.0,4329451.0,5142043.0,7807696.0,8419358.0,8458937.0,11091096.0,13849901.0,15811712.0,14768343.0,13052545.0,12588232.0,14727052.0,16433453.0,17206103.0,18231912.0,21651401.0,32507578.0,3930892.0
12,Mato Grosso do Sul,254035.0,104452.0,108451.0,171710.0,207839.0,289839.0,304819.0,305859.0,383700.0,175389.0,218322.0,253070.0,472875.0,384056.0,497891.0,643332.0,1145111.0,1003979.0,1296209.0,2091476.0,1889608.0,2888972.0,3839517.0,4173132.0,5224873.0,5214590.0,4731607.0,4071059.0,4785077.0,5759226.0,5243446.0,5822414.0,6894838.0,8212503.0,1015192.0
13,Distrito Federal,6797.0,2879.0,4348.0,11093.0,5607.0,10309.0,6791.0,30874.0,8034.0,4889.0,9013.0,1611.0,6680.0,27155.0,14770.0,28870.0,59623.0,65661.0,81094.0,165135.0,128925.0,152233.0,183326.0,228439.0,261024.0,330099.0,287518.0,164551.0,251297.0,259507.0,160701.0,174176.0,268628.0,365685.0,60104.0
14,Paraná,1983341.0,1868169.0,1807232.0,2110039.0,2481143.0,3506749.0,3567345.0,4245907.0,4849630.0,4217016.0,3930563.0,4379504.0,5312332.0,5687364.0,7132003.0,9382205.0,10007041.0,9978622.0,12319417.0,15165023.0,11125059.0,14035994.0,17289542.0,17623327.0,18097708.0,16240911.0,14832909.0,15014900.0,17933167.0,18100069.0,16403307.0,16255782.0,19034417.0,22132924.0,3024900.0
15,Rio Grande do Sul,3708998.0,3441972.0,3294218.0,4339291.0,5178346.0,5027114.0,5181654.0,5663641.0,6271098.0,5628517.0,4998720.0,5770544.0,6341333.0,6372046.0,8009360.0,9875302.0,10445922.0,11709556.0,14890391.0,17444450.0,15200528.0,15303557.0,19361408.0,17328522.0,20263646.0,18647959.0,17118410.0,16191168.0,17782261.0,18205377.0,17256958.0,14059629.0,21133421.0,22564741.0,3204467.0
16,Santa Catarina,1433674.0,1457349.0,1509764.0,1789864.0,2198137.0,2404688.0,2652023.0,2637306.0,2801707.0,2604374.0,2563283.0,2709716.0,3024905.0,3152815.0,3693332.0,4846758.0,5580839.0,5993907.0,7427554.0,8291124.0,6406497.0,7554268.0,8968803.0,8865549.0,8660271.0,8963444.0,7640213.0,7591470.0,8506602.0,9271832.0,8951857.0,8127705.0,10295984.0,11966468.0,1670426.0
17,Ceará,219594.0,230569.0,270418.0,303591.0,274825.0,334860.0,352130.0,380432.0,353078.0,355246.0,371206.0,494802.0,526165.0,542934.0,760635.0,858466.0,929663.0,955814.0,1145625.0,1274388.0,1077672.0,1267411.0,1400889.0,1263900.0,1419547.0,1469706.0,1044240.0,1294101.0,2102136.0,2342081.0,2275193.0,1853417.0,2739104.0,2340537.0,375288.0
18,Bahia,1523532.0,1453387.0,1300909.0,1491272.0,1450352.0,1720587.0,1919190.0,1846130.0,1867606.0,1829455.0,1581213.0,1942414.0,2118966.0,2405649.0,3255969.0,4056329.0,5983672.0,6766614.0,7405868.0,8688532.0,6969444.0,8857412.0,10936021.0,10816329.0,9656129.0,9240276.0,7799686.0,6729420.0,8030316.0,8875253.0,8162484.0,7838202.0,9944650.0,13922502.0,1473177.0
19,Acre,0.0,2660.0,2211.0,2056.0,4093.0,4148.0,5206.0,2445.0,208.0,834.0,1295.0,1546.0,5817.0,3818.0,5337.0,7663.0,11340.0,17795.0,17744.0,21951.0,15693.0,20735.0,16978.0,9414.0,11373.0,7217.0,15982.0,12632.0,21657.0,39801.0,32854.0,33955.0,48839.0,54366.0,3962.0
20,Amapá,0.0,55027.0,53315.0,9375.0,55891.0,73817.0,65792.0,101515.0,64115.0,62352.0,45029.0,35999.0,30453.0,16367.0,19562.0,46874.0,76512.0,127979.0,127961.0,192439.0,182675.0,350544.0,602730.0,447212.0,416146.0,425345.0,250152.0,264086.0,282027.0,284963.0,261368.0,312167.0,306997.0,209148.0,34312.0
21,Amazonas,0.0,178601.0,106918.0,147997.0,144868.0,133952.0,138352.0,143954.0,193489.0,266133.0,429449.0,768043.0,847110.0,1063304.0,1299257.0,1155167.0,2143713.0,1516730.0,1098008.0,1258109.0,871654.0,1103869.0,890726.0,958379.0,1027726.0,924044.0,770711.0,574983.0,672997.0,678906.0,731094.0,786719.0,867948.0,903838.0,133148.0
22,Pará,1406413.0,1548037.0,1574859.0,1645754.0,1781047.0,1820771.0,2181438.0,2117178.0,2264084.0,2209012.0,2135946.0,2439751.0,2287164.0,2266096.0,2675262.0,3800047.0,4756260.0,6705801.0,7906753.0,10669910.0,8344152.0,12833144.0,18335357.0,14775567.0,15851486.0,14256010.0,10271129.0,10511069.0,14484259.0,15568660.0,17841241.0,20611772.0,29525879.0,21515320.0,2771839.0
23,Rondônia,0.0,9453.0,19542.0,16800.0,30212.0,36527.0,37762.0,27753.0,37363.0,37629.0,55650.0,59255.0,56444.0,73065.0,97589.0,133129.0,202604.0,307424.0,455503.0,579612.0,390938.0,424785.0,481802.0,790528.0,1039358.0,1067182.0,977630.0,876908.0,1082695.0,1249233.0,1303910.0,1371865.0,1687186.0,2344179.0,259476.0
24,Roraima,0.0,183.0,269.0,3465.0,6554.0,5635.0,4355.0,7117.0,2582.0,2483.0,1712.0,2586.0,4377.0,6021.0,3826.0,5273.0,8483.0,15356.0,16271.0,15605.0,12583.0,11306.0,15097.0,14942.0,7989.0,19208.0,11627.0,14953.0,41409.0,15935.0,157709.0,196838.0,336624.0,425913.0,47738.0
25,Tocantins,0.0,0.0,0.0,0.0,0.0,0.0,0.0,1416.0,9799.0,13419.0,8022.0,8310.0,3918.0,16210.0,45580.0,116336.0,152424.0,203460.0,154970.0,297683.0,280106.0,343923.0,486074.0,640252.0,702120.0,859341.0,901268.0,632846.0,951262.0,1204396.0,1110498.0,1368259.0,1845939.0,3087622.0,178645.0
26,Piauí,36003.0,32402.0,40042.0,39483.0,64451.0,53669.0,67096.0,62427.0,61941.0,58808.0,49138.0,63346.0,39928.0,48063.0,58298.0,73265.0,58604.0,47128.0,56643.0,136899.0,167426.0,129175.0,164230.0,225715.0,161782.0,255971.0,402206.0,175003.0,396980.0,706112.0,542832.0,583956.0,857699.0,1654072.0,119724.0
27,Maranhão,459591.0,442620.0,476706.0,427458.0,462628.0,575720.0,671361.0,681460.0,744598.0,635919.0,662963.0,752399.0,544292.0,652368.0,739538.0,1209927.0,1504164.0,1719194.0,2170592.0,2855163.0,1249891.0,2942084.0,3096158.0,3106665.0,2381564.0,2851412.0,3074535.0,2219005.0,3036968.0,3832117.0,3543623.0,3371174.0,4374131.0,5737973.0,587068.0
